<beans xmlns="http://www.springframework.org/schema/beans"   
    xmlns:xsi="http://www.w3.org/2001/XMLSchema-instance"    
       xsi:schemaLocation="http://www.springframework.org/schema/beans       
                    http://www.springframework.org/schema/beans/spring-beans-3.0.xsd">
    <!-- Application Message Bundle -->    
    <bean id="messageSource" class="org.springframework.context.support.ReloadableResourceBundleMessageSource">    
        <property name="basename" value="/WEB-INF/messages" />  
              <property name="cacheSeconds" value="3000" />   
               </bean>   
     <bean id="userValidator" class="org.camelcode.validator.UserValidator"/>  
       <bean name="/UserRegistration.htm" class="org.camelcode.controller.UserController"> 
       <property name="formView" value="UserRegistration"/>     
        <property name="successView" value="Confirmation"/>  
              <property name="validator" ref="userValidator"/>  
       </bean> 
     <!-- Resolves view names to protected .jsp resources within the /WEB-INF/views directory -->  
       <bean id="viewResolver" class="org.springframework.web.servlet.view.InternalResourceViewResolver">  
             <property name="prefix" value="/WEB-INF/jsp/"/> 
              <property name="suffix" value=".jsp"/>   
            </bean>
            </beans>
            
        
           